{
  "alpha": 0.1,
  "per_window": {
    "25": {
      "quantile": 274.1789019442683,
      "coverage": 0.8461538461538461,
      "mae": 166.42857131056462,
      "r2": 0.4523325688633052,
      "num_test": 13
    },
    "50": {
      "quantile": 281.9867635908512,
      "coverage": 0.8461538461538461,
      "mae": 169.36129273329968,
      "r2": 0.4308893619772124,
      "num_test": 13
    },
    "100": {
      "quantile": 279.08381767887,
      "coverage": 0.8461538461538461,
      "mae": 171.53984939650613,
      "r2": 0.409867465385111,
      "num_test": 13
    }
  }
}