{
  "alpha": 0.1,
  "per_window": {
    "25": {
      "quantile": 208.6177978515625,
      "coverage": 0.6923076923076923,
      "mae": 136.39296546349158,
      "r2": 0.5534618087836991,
      "num_test": 13
    },
    "50": {
      "quantile": 153.48345947265625,
      "coverage": 0.5384615384615384,
      "mae": 145.07359431340143,
      "r2": 0.46097607726119105,
      "num_test": 13
    },
    "100": {
      "quantile": 111.7821044921875,
      "coverage": 0.5384615384615384,
      "mae": 99.59270301231972,
      "r2": 0.7426639204563831,
      "num_test": 13
    }
  }
}