{
  "with_qd_std": {
    "25": {
      "best_params": {
        "depth": 4,
        "learning_rate": 0.05,
        "iterations": 400,
        "l2_leaf_reg": 5.0
      },
      "cv_metrics": {
        "MAE": {
          "mean": 122.31585150935454,
          "std": 11.609508210222936
        },
        "R2": {
          "mean": 0.5962951652708736,
          "std": 0.0836679648530461
        },
        "MAPE": {
          "mean": 17.694753449398647,
          "std": 2.3538503907866573
        },
        "SMAPE": {
          "mean": 16.79498168537721,
          "std": 1.734822916761385
        },
        "params": {
          "depth": 4,
          "learning_rate": 0.05,
          "iterations": 400,
          "l2_leaf_reg": 5.0
        }
      },
      "test_metrics": {
        "MAE": 109.50365713159508,
        "R2": 0.6777502059123293,
        "MAPE": 15.996363214377038,
        "SMAPE": 15.467114631007059
      }
    },
    "50": {
      "best_params": {
        "depth": 4,
        "learning_rate": 0.05,
        "iterations": 400,
        "l2_leaf_reg": 5.0
      },
      "cv_metrics": {
        "MAE": {
          "mean": 107.20014962703844,
          "std": 16.283887157440322
        },
        "R2": {
          "mean": 0.6545712072117515,
          "std": 0.10457148506762862
        },
        "MAPE": {
          "mean": 15.236602391109653,
          "std": 2.5439063484397884
        },
        "SMAPE": {
          "mean": 14.586709329553553,
          "std": 2.1849894408219894
        },
        "params": {
          "depth": 4,
          "learning_rate": 0.05,
          "iterations": 400,
          "l2_leaf_reg": 5.0
        }
      },
      "test_metrics": {
        "MAE": 116.01451247730402,
        "R2": 0.6985502476713241,
        "MAPE": 17.17368393412938,
        "SMAPE": 16.61382326705894
      }
    },
    "100": {
      "best_params": {
        "depth": 4,
        "learning_rate": 0.03,
        "iterations": 400,
        "l2_leaf_reg": 3.0
      },
      "cv_metrics": {
        "MAE": {
          "mean": 92.9039858168305,
          "std": 12.318808164354909
        },
        "R2": {
          "mean": 0.7403043711818,
          "std": 0.036511448122198066
        },
        "MAPE": {
          "mean": 13.582563580756737,
          "std": 2.5974327653849536
        },
        "SMAPE": {
          "mean": 12.927186282026005,
          "std": 1.8842190754030528
        },
        "params": {
          "depth": 4,
          "learning_rate": 0.03,
          "iterations": 400,
          "l2_leaf_reg": 3.0
        }
      },
      "test_metrics": {
        "MAE": 96.97093639275126,
        "R2": 0.7676625064236804,
        "MAPE": 13.18770438692329,
        "SMAPE": 13.448120097764821
      }
    }
  },
  "without_qd_std": {
    "25": {
      "best_params": {
        "depth": 6,
        "learning_rate": 0.05,
        "iterations": 600,
        "l2_leaf_reg": 5.0
      },
      "cv_metrics": {
        "MAE": {
          "mean": 120.25972599039055,
          "std": 18.177414802385158
        },
        "R2": {
          "mean": 0.562623537689132,
          "std": 0.16652042728687544
        },
        "MAPE": {
          "mean": 16.895436746302465,
          "std": 1.6837555217872615
        },
        "SMAPE": {
          "mean": 16.217050817183836,
          "std": 1.36810417626686
        },
        "params": {
          "depth": 6,
          "learning_rate": 0.05,
          "iterations": 600,
          "l2_leaf_reg": 5.0
        }
      },
      "test_metrics": {
        "MAE": 108.53320704519788,
        "R2": 0.6908978530113395,
        "MAPE": 15.028017282478611,
        "SMAPE": 14.80387996594979
      }
    },
    "50": {
      "best_params": {
        "depth": 6,
        "learning_rate": 0.05,
        "iterations": 600,
        "l2_leaf_reg": 5.0
      },
      "cv_metrics": {
        "MAE": {
          "mean": 113.70195448066984,
          "std": 19.121406009105126
        },
        "R2": {
          "mean": 0.6007660085844149,
          "std": 0.20607662885590688
        },
        "MAPE": {
          "mean": 16.113923942646828,
          "std": 3.0206717576467166
        },
        "SMAPE": {
          "mean": 15.379943581387034,
          "std": 2.2744722948096827
        },
        "params": {
          "depth": 6,
          "learning_rate": 0.05,
          "iterations": 600,
          "l2_leaf_reg": 5.0
        }
      },
      "test_metrics": {
        "MAE": 107.299601021297,
        "R2": 0.6966815655462568,
        "MAPE": 14.9832597577741,
        "SMAPE": 14.923410719567256
      }
    },
    "100": {
      "best_params": {
        "depth": 6,
        "learning_rate": 0.05,
        "iterations": 600,
        "l2_leaf_reg": 5.0
      },
      "cv_metrics": {
        "MAE": {
          "mean": 90.73682266059025,
          "std": 10.059543870713414
        },
        "R2": {
          "mean": 0.7517522578824269,
          "std": 0.08154310845467996
        },
        "MAPE": {
          "mean": 12.971443192542868,
          "std": 1.8726847079943267
        },
        "SMAPE": {
          "mean": 12.515408764608017,
          "std": 1.4132582406989123
        },
        "params": {
          "depth": 6,
          "learning_rate": 0.05,
          "iterations": 600,
          "l2_leaf_reg": 5.0
        }
      },
      "test_metrics": {
        "MAE": 105.07542098622051,
        "R2": 0.7037164179740925,
        "MAPE": 13.779245103918761,
        "SMAPE": 14.074132207870829
      }
    }
  }
}