{
  "alpha": 0.1,
  "per_window": {
    "25": {
      "quantile": 261.8680833333332,
      "coverage": 1.0,
      "mae": 125.93181126512383,
      "r2": 0.6477032893199405,
      "num_test": 13
    },
    "50": {
      "quantile": 218.32626587301536,
      "coverage": 0.7692307692307693,
      "mae": 130.2725192723942,
      "r2": 0.6480663072884841,
      "num_test": 13
    },
    "100": {
      "quantile": 199.4862609126983,
      "coverage": 0.6923076923076923,
      "mae": 117.68256438700176,
      "r2": 0.6692022968438254,
      "num_test": 13
    }
  }
}