{
  "protocol_version": "sop_baseline_transition",
  "notes": [
    "Uses SOP JSON splits, seed averaging, and bootstrap confidence intervals.",
    "Supports configurable feature sets, labels, and optional censor filtering."
  ],
  "dataset": "data/intermediate/features_sop12_transition.csv",
  "feature_set": "sop12_transition",
  "feature_columns": [
    "IR_delta",
    "dQd_slope",
    "Qd_mean",
    "IR_slope",
    "Tavg_mean",
    "IR_mean",
    "Qd_std",
    "IR_std",
    "dqdv_peak_delta",
    "dqdv_peak_std",
    "dqdv_area_delta",
    "dqdv_peakpos_delta"
  ],
  "target_column": "_target_label",
  "windows": [
    50,
    100
  ],
  "censor_summary": null,
  "within_dataset": {
    "b1_to_b1": {
      "elastic_net": {
        "50": {
          "num_seeds": 5,
          "per_seed": [
            {
              "MAE": 209.1385207875716,
              "SMAPE": 26.01249426273532,
              "R2": -0.9909722855740422,
              "bootstrap_95_ci": {
                "MAE": {
                  "lower": 114.81560137743814,
                  "upper": 305.94739809812074
                },
                "SMAPE": {
                  "lower": 12.970503435867364,
                  "upper": 39.74688217940417
                },
                "R2": {
                  "lower": -6.830447263436699,
                  "upper": -0.5568453174891687
                }
              },
              "train_rows": 28,
              "test_rows": 6
            },
            {
              "MAE": 1014.7410831505033,
              "SMAPE": 39.65285803821669,
              "R2": -192.32028381039842,
              "bootstrap_95_ci": {
                "MAE": {
                  "lower": 47.60976957829564,
                  "upper": 2867.989601848771
                },
                "SMAPE": {
                  "lower": 5.102347839763816,
                  "upper": 96.87416140056702
                },
                "R2": {
                  "lower": -2100.255602973801,
                  "upper": 0.5465282407425957
                }
              },
              "train_rows": 28,
              "test_rows": 5
            },
            {
              "MAE": 198.7876871902173,
              "SMAPE": 22.880770608159253,
              "R2": -1.072384573024721,
              "bootstrap_95_ci": {
                "MAE": {
                  "lower": 141.7751474198808,
                  "upper": 267.2754961222105
                },
                "SMAPE": {
                  "lower": 15.571803689969164,
                  "upper": 32.400960975303484
                },
                "R2": {
                  "lower": -7.804576063106797,
                  "upper": -0.33746207935430683
                }
              },
              "train_rows": 28,
              "test_rows": 5
            },
            {
              "MAE": 200.57339005807498,
              "SMAPE": 23.11047902482698,
              "R2": -1.284929742111785,
              "bootstrap_95_ci": {
                "MAE": {
                  "lower": 108.30757874335463,
                  "upper": 304.53187346996657
                },
                "SMAPE": {
                  "lower": 12.713126217726392,
                  "upper": 33.943751022026476
                },
                "R2": {
                  "lower": -20.094858648792904,
                  "upper": 0.36827265701636047
                }
              },
              "train_rows": 28,
              "test_rows": 6
            },
            {
              "MAE": 187.87798468745996,
              "SMAPE": 21.054305172550194,
              "R2": -1.4198922949389057,
              "bootstrap_95_ci": {
                "MAE": {
                  "lower": 107.25842269583546,
                  "upper": 300.1386757505219
                },
                "SMAPE": {
                  "lower": 14.06281780316125,
                  "upper": 30.33516999008378
                },
                "R2": {
                  "lower": -17.387353883548,
                  "upper": 0.34388077154055163
                }
              },
              "train_rows": 29,
              "test_rows": 6
            }
          ],
          "MAE": {
            "mean": 362.2237331747654,
            "std": 364.8467448269882
          },
          "MAE_bootstrap_95_ci": {
            "lower_mean": 103.95330396296094,
            "upper_mean": 809.1766090579182
          },
          "SMAPE": {
            "mean": 26.542181421297688,
            "std": 7.54104943030891
          },
          "SMAPE_bootstrap_95_ci": {
            "lower_mean": 12.084119797297598,
            "upper_mean": 46.660185113476984
          },
          "R2": {
            "mean": -39.417692541209576,
            "std": 85.47531560611546
          },
          "R2_bootstrap_95_ci": {
            "lower_mean": -430.47456776653706,
            "upper_mean": 0.07287485449120645
          }
        },
        "100": {
          "num_seeds": 5,
          "per_seed": [
            {
              "MAE": 246.93082599914587,
              "SMAPE": 29.07710960709859,
              "R2": -2.5906387256529277,
              "bootstrap_95_ci": {
                "MAE": {
                  "lower": 104.69628158327072,
                  "upper": 434.08666888848285
                },
                "SMAPE": {
                  "lower": 12.030737851977277,
                  "upper": 50.455562763344126
                },
                "R2": {
                  "lower": -10.993119938855337,
                  "upper": -0.31654229823054614
                }
              },
              "train_rows": 28,
              "test_rows": 6
            },
            {
              "MAE": 349.6800305831611,
              "SMAPE": 48.868005674681804,
              "R2": -15.97307030974331,
              "bootstrap_95_ci": {
                "MAE": {
                  "lower": 40.87919159333605,
                  "upper": 864.9251911521211
                },
                "SMAPE": {
                  "lower": 4.292894227273645,
                  "upper": 125.15155961185633
                },
                "R2": {
                  "lower": -178.79152225764815,
                  "upper": 0.40549409918850066
                }
              },
              "train_rows": 28,
              "test_rows": 5
            },
            {
              "MAE": 188.71457393122057,
              "SMAPE": 21.906527764849056,
              "R2": -1.025686143619866,
              "bootstrap_95_ci": {
                "MAE": {
                  "lower": 113.16039808246039,
                  "upper": 264.09304064652207
                },
                "SMAPE": {
                  "lower": 12.396505691151901,
                  "upper": 32.44770970810919
                },
                "R2": {
                  "lower": -10.11959859017224,
                  "upper": -0.2325413217670398
                }
              },
              "train_rows": 28,
              "test_rows": 5
            },
            {
              "MAE": 225.52416024212366,
              "SMAPE": 25.784457573968577,
              "R2": -1.6411465119005482,
              "bootstrap_95_ci": {
                "MAE": {
                  "lower": 136.72486142339434,
                  "upper": 313.48374058588166
                },
                "SMAPE": {
                  "lower": 14.704331708376847,
                  "upper": 35.75228944367162
                },
                "R2": {
                  "lower": -26.668465599170666,
                  "upper": 0.00882072492044439
                }
              },
              "train_rows": 28,
              "test_rows": 6
            },
            {
              "MAE": 162.96348896926187,
              "SMAPE": 19.084372325441855,
              "R2": -0.6512526493817472,
              "bootstrap_95_ci": {
                "MAE": {
                  "lower": 105.64499148846654,