{
  "with_qd_std": {
    "25": {
      "best_params": {
        "depth": 6,
        "learning_rate": 0.05,
        "iterations": 600,
        "l2_leaf_reg": 5.0
      },
      "cv_metrics": {
        "MAE": {
          "mean": 126.86683198092173,
          "std": 35.88488475154762
        },
        "R2": {
          "mean": 0.480614607686206,
          "std": 0.21660102380002347
        },
        "MAPE": {
          "mean": 17.74593602544631,
          "std": 3.449222457302865
        },
        "SMAPE": {
          "mean": 16.84883419275169,
          "std": 3.930404399714151
        },
        "params": {
          "depth": 6,
          "learning_rate": 0.05,
          "iterations": 600,
          "l2_leaf_reg": 5.0
        }
      },
      "test_metrics": {
        "MAE": 119.01554072630367,
        "R2": 0.6588581938143714,
        "MAPE": 17.552607952230204,
        "SMAPE": 17.13020174491828
      }
    },
    "50": {
      "best_params": {
        "depth": 4,
        "learning_rate": 0.05,
        "iterations": 400,
        "l2_leaf_reg": 5.0
      },
      "cv_metrics": {
        "MAE": {
          "mean": 118.02044173233223,
          "std": 40.59728425227248
        },
        "R2": {
          "mean": 0.49130215933342125,
          "std": 0.31096003210360373
        },
        "MAPE": {
          "mean": 16.639742790865252,
          "std": 5.615883766756227
        },
        "SMAPE": {
          "mean": 15.9951565737767,
          "std": 4.947644658259098
        },
        "params": {
          "depth": 4,
          "learning_rate": 0.05,
          "iterations": 400,
          "l2_leaf_reg": 5.0
        }
      },
      "test_metrics": {
        "MAE": 116.01451247730402,
        "R2": 0.6985502476713241,
        "MAPE": 17.17368393412938,
        "SMAPE": 16.61382326705894
      }
    },
    "100": {
      "best_params": {
        "depth": 4,
        "learning_rate": 0.05,
        "iterations": 400,
        "l2_leaf_reg": 5.0
      },
      "cv_metrics": {
        "MAE": {
          "mean": 102.78080072542525,
          "std": 46.55697608379464
        },
        "R2": {
          "mean": 0.6655310897462121,
          "std": 0.15503837238646828
        },
        "MAPE": {
          "mean": 14.4996087007451,
          "std": 5.0294795707182995
        },
        "SMAPE": {
          "mean": 14.009615235232033,
          "std": 5.043495375966496
        },
        "params": {
          "depth": 4,
          "learning_rate": 0.05,
          "iterations": 400,
          "l2_leaf_reg": 5.0
        }
      },
      "test_metrics": {
        "MAE": 101.03667799968262,
        "R2": 0.7501947967979967,
        "MAPE": 13.855803846315679,
        "SMAPE": 14.028246202132053
      }
    }
  },
  "without_qd_std": {
    "25": {
      "best_params": {
        "depth": 6,
        "learning_rate": 0.03,
        "iterations": 600,
        "l2_leaf_reg": 3.0
      },
      "cv_metrics": {
        "MAE": {
          "mean": 125.24420091462869,
          "std": 36.60737302741654
        },
        "R2": {
          "mean": 0.48929656942964783,
          "std": 0.18272023959431644
        },
        "MAPE": {
          "mean": 17.494260053020604,
          "std": 3.867000473173872
        },
        "SMAPE": {
          "mean": 16.60985714541984,
          "std": 4.2822579740674325
        },
        "params": {
          "depth": 6,
          "learning_rate": 0.03,
          "iterations": 600,
          "l2_leaf_reg": 3.0
        }
      },
      "test_metrics": {
        "MAE": 112.29956063143514,
        "R2": 0.6523493708612407,
        "MAPE": 15.382034573444153,
        "SMAPE": 15.338023152392651
      }
    },
    "50": {
      "best_params": {
        "depth": 6,
        "learning_rate": 0.03,
        "iterations": 600,
        "l2_leaf_reg": 3.0
      },
      "cv_metrics": {
        "MAE": {
          "mean": 123.25490799562988,
          "std": 47.03052663519377
        },
        "R2": {
          "mean": 0.5224160435576126,
          "std": 0.23509486855348338
        },
        "MAPE": {
          "mean": 17.387769272536868,
          "std": 4.845179522258245
        },
        "SMAPE": {
          "mean": 16.64546107091224,
          "std": 5.208342426053692
        },
        "params": {
          "depth": 6,
          "learning_rate": 0.03,
          "iterations": 600,
          "l2_leaf_reg": 3.0
        }
      },
      "test_metrics": {
        "MAE": 99.19777774249135,
        "R2": 0.7340597324039507,
        "MAPE": 13.677725984332673,
        "SMAPE": 13.809889546488375
      }
    },
    "100": {
      "best_params": {
        "depth": 4,
        "learning_rate": 0.05,
        "iterations": 400,
        "l2_leaf_reg": 5.0
      },
      "cv_metrics": {
        "MAE": {
          "mean": 103.19158485321688,
          "std": 43.59346008638241
        },
        "R2": {
          "mean": 0.6631111606048631,
          "std": 0.15051721328013534
        },
        "MAPE": {
          "mean": 14.62155129913857,
          "std": 4.735843268232763
        },
        "SMAPE": {
          "mean": 14.272240748110729,
          "std": 4.760509072090817
        },
        "params": {
          "depth": 4,
          "learning_rate": 0.05,
          "iterations": 400,
          "l2_leaf_reg": 5.0
        }
      },
      "test_metrics": {
        "MAE": 100.35840198695732,
        "R2": 0.7365663709845438,
        "MAPE": 13.224997637405073,
        "SMAPE": 13.678217241675144
      }
    }
  }
}