{
  "alpha": 0.1,
  "per_window": {
    "25": {
      "quantile": 191.0239075010984,
      "coverage": 0.7692307692307693,
      "mae": 118.2078937329899,
      "r2": 0.6259811620607297,
      "num_test": 13
    },
    "50": {
      "quantile": 186.09895688546555,
      "coverage": 0.6153846153846154,
      "mae": 121.69320736849924,
      "r2": 0.6568571460018273,
      "num_test": 13
    },
    "100": {
      "quantile": 110.69136681647456,
      "coverage": 0.5384615384615384,
      "mae": 104.38725720881808,
      "r2": 0.7595681842288164,
      "num_test": 13
    }
  }
}