{
  "random_forest": {
    "with_qd_std": {
      "25": {
        "MAE": {
          "mean": 124.38116844813678,
          "std": 17.18844769203376
        },
        "R2": {
          "mean": 0.5418606323260574,
          "std": 0.17468908605789188
        },
        "MAPE": {
          "mean": 17.745659468840422,
          "std": 2.4482738144475316
        },
        "SMAPE": {
          "mean": 16.8899779203626,
          "std": 2.4077036558479956
        }
      },
      "50": {
        "MAE": {
          "mean": 113.59123246541034,
          "std": 14.590549487914132
        },
        "R2": {
          "mean": 0.6291872320704271,
          "std": 0.10780889487490057
        },
        "MAPE": {
          "mean": 16.236357563280677,
          "std": 2.6204610898563443
        },
        "SMAPE": {
          "mean": 15.529752058332894,
          "std": 2.318276282340611
        }
      },
      "100": {
        "MAE": {
          "mean": 111.3090164491554,
          "std": 10.947072162696184
        },
        "R2": {
          "mean": 0.6363371556510431,
          "std": 0.12209640199951773
        },
        "MAPE": {
          "mean": 15.833908001400342,
          "std": 2.4895682901562024
        },
        "SMAPE": {
          "mean": 15.269144403192191,
          "std": 2.009847398677091
        }
      }
    },
    "without_qd_std": {
      "25": {
        "MAE": {
          "mean": 126.47799701001618,
          "std": 18.855464435600037
        },
        "R2": {
          "mean": 0.5269163298513867,
          "std": 0.1820846862698684
        },
        "MAPE": {
          "mean": 17.90945362153087,
          "std": 3.0025029895193573
        },
        "SMAPE": {
          "mean": 17.12579393424252,
          "std": 2.898929671333404
        }
      },
      "50": {
        "MAE": {
          "mean": 115.14283361834241,
          "std": 14.485680778832775
        },
        "R2": {
          "mean": 0.6188607565898991,
          "std": 0.13461145822796003
        },
        "MAPE": {
          "mean": 16.45380349859571,
          "std": 2.931163099330123
        },
        "SMAPE": {
          "mean": 15.808252043519332,
          "std": 2.4517362985356725
        }
      },
      "100": {
        "MAE": {
          "mean": 104.38358133337253,
          "std": 12.183628909134448
        },
        "R2": {
          "mean": 0.6801460041943668,
          "std": 0.0821517333732206
        },
        "MAPE": {
          "mean": 14.834978955464342,
          "std": 2.6929422117842785
        },
        "SMAPE": {
          "mean": 14.30638948590762,
          "std": 2.2785482163553894
        }
      }
    }
  },
  "xgboost": {
    "with_qd_std": {
      "25": {
        "MAE": {
          "mean": 129.2833564309513,
          "std": 29.843735740977817
        },
        "R2": {
          "mean": 0.5169683422364437,
          "std": 0.1966030665488945
        },
        "MAPE": {
          "mean": 18.4238037462705,
          "std": 5.101895425004574
        },
        "SMAPE": {
          "mean": 17.47574700494389,
          "std": 4.460957102896375
        }
      },
      "50": {
        "MAE": {
          "mean": 103.7658400591682,
          "std": 11.719205104415943
        },
        "R2": {
          "mean": 0.6777805198036552,
          "std": 0.08474827855611344
        },
        "MAPE": {
          "mean": 15.290293892080266,
          "std": 3.0974147379321892
        },
        "SMAPE": {
          "mean": 14.445085109070174,
          "std": 2.477737637629694
        }
      },
      "100": {
        "MAE": {
          "mean": 100.27578807157629,
          "std": 8.928579593218396
        },
        "R2": {
          "mean": 0.7020380760901272,
          "std": 0.08255210778450044
        },
        "MAPE": {
          "mean": 14.174744714433174,
          "std": 2.3680294236739714
        },
        "SMAPE": {
          "mean": 13.880009231689584,
          "std": 1.9616590677232353
        }
      }
    },
    "without_qd_std": {
      "25": {
        "MAE": {
          "mean": 136.717529296875,
          "std": 28.411693278653402
        },
        "R2": {
          "mean": 0.4869359896926161,
          "std": 0.17222509072194028
        },
        "MAPE": {
          "mean": 19.554244073800298,
          "std": 4.799016245278148
        },
        "SMAPE": {
          "mean": 18.672687112258977,
          "std": 4.247953679061194
        }
      },
      "50": {
        "MAE": {
          "mean": 104.55949024873621,
          "std": 15.595347714615304
        },
        "R2": {
          "mean": 0.6714588007893594,
          "std": 0.11519514612369434
        },
        "MAPE": {
          "mean": 14.870604553559863,
          "std": 4.074180163112009
        },
        "SMAPE": {
          "mean": 14.334982233220918,
          "std": 3.1228288103877637
        }
      },
      "100": {
        "MAE": {
          "mean": 98.68540218577665,
          "std": 15.17274397284095
        },
        "R2": {
          "mean": 0.7172208572664036,
          "std": 0.08859148236549774
        },
        "MAPE": {
          "mean": 13.98979137988593,
          "std": 3.3625125280413073
        },
        "SMAPE": {
          "mean": 13.647360742517554,
          "std": 2.8728999181363974
        }
      }
    }
  },
  "catboost": {
    "with_qd_std": {
      "25": {
        "MAE": {
          "mean": 112.95047474658315,
          "std": 18.065118125380383
        },
        "R2": {
          "mean": 0.6179811153895962,
          "std": 0.13283436869125656
        },
        "MAPE": {
          "mean": 15.743593026719878,
          "std": 2.9192096960980853
        },
        "SMAPE": {
          "mean": 15.204450697357649,
          "std": 2.402693716821127
        }
      },
      "50": {
        "MAE": {
          "mean": 105.6289918508392,
          "std": 7.804351599323435
        },
        "R2": {
          "mean": 0.6718601117214955,
          "std": 0.12224551924685119
        },
        "MAPE": {
          "mean": 14.583572459613436,
          "std": 0.8066150488997933
        },
        "SMAPE": {
          "mean": 14.223140796947462,
          "std": 0.9840433873417902
        }
      },
      "100": {
        "MAE": {
          "mean": 98.23613540544827,
          "std": 15.88780515135145
        },
        "R2": {
          "mean": 0.7256971124763287,
          "std": 0.05441397433276875
        },
        "MAPE": {
          "mean": 13.490095606568904,
          "std": 2.998993815906289
        },
        "SMAPE": {
          "mean": 13.34574077974317,
          "std": 2.7377128012807113
        }
      }
    },
    "without_qd_std": {
      "25": {
        "MAE": {
          "mean": 114.72286971201486,
          "std": 13.064770866619893
        },
        "R2": {
          "mean": 0.6066706811258233,
          "std": 0.12032537795736148
        },
        "MAPE": {
          "mean": 15.701660254117268,
          "std": 2.9732113840420045
        },
        "SMAPE": {
          "mean": 15.246875183766813,
          "std": 2.200778391894571
        }
      },
      "50": {
        "MAE": {
          "mean": 105.98884299909272,
          "std": 6.99210551768257
        },
        "R2": {
          "mean": 0.6544577925019349,
          "std": 0.11426048416612733
        },
        "MAPE": {
          "mean": 14.455231590834794,
          "std": 2.4495528021922106
        },
        "SMAPE": {
          "mean": 14.150430292033885,
          "std": 1.865538649035343
        }
      },
      "100": {
        "MAE": {
          "mean": 96.14293701686077,
          "std": 10.8251311603624
        },
        "R2": {
          "mean": 0.7405020157318557,
          "std": 0.024427042662865814
        },
        "MAPE": {
          "mean": 13.16842775900974,
          "std": 2.489305020391473
        },
        "SMAPE": {
          "mean": 13.045853377051028,
          "std": 2.2382834777968554
        }
      }
    }
  },