{
  "random_forest": {
    "with_qd_std": {
      "25": {
        "MAE": {
          "mean": 129.0542607673372,
          "std": 13.109583704803583
        },
        "R2": {
          "mean": 0.5055164801153641,
          "std": 0.12552627956938206
        },
        "MAPE": {
          "mean": 18.756552795796388,
          "std": 3.760939571838972
        },
        "SMAPE": {
          "mean": 17.561320900768123,
          "std": 2.0409407151757004
        }
      },
      "50": {
        "MAE": {
          "mean": 119.58960024828113,
          "std": 9.699872902303941
        },
        "R2": {
          "mean": 0.6028374268207817,
          "std": 0.051127634240622444
        },
        "MAPE": {
          "mean": 17.54443518070874,
          "std": 2.7932139928692834
        },
        "SMAPE": {
          "mean": 16.460999416849138,
          "std": 1.739475319350064
        }
      },
      "100": {
        "MAE": {
          "mean": 114.78223836792293,
          "std": 9.32772660276595
        },
        "R2": {
          "mean": 0.631882594067935,
          "std": 0.03539843662885685
        },
        "MAPE": {
          "mean": 16.73000819459814,
          "std": 2.3671365660201826
        },
        "SMAPE": {
          "mean": 15.90104791379001,
          "std": 1.4699554951386353
        }
      }
    },
    "without_qd_std": {
      "25": {
        "MAE": {
          "mean": 132.26805697798935,
          "std": 13.78849737654034
        },
        "R2": {
          "mean": 0.47901183366945066,
          "std": 0.15175467422658204
        },
        "MAPE": {
          "mean": 19.245322349996705,
          "std": 4.14290505846697
        },
        "SMAPE": {
          "mean": 17.984403843043772,
          "std": 2.163454841673332
        }
      },
      "50": {
        "MAE": {
          "mean": 122.48776601584686,
          "std": 11.248137418542084
        },
        "R2": {
          "mean": 0.584442777441677,
          "std": 0.05164990090639082
        },
        "MAPE": {
          "mean": 18.08804806424257,
          "std": 2.409259201735897
        },
        "SMAPE": {
          "mean": 16.93288984924941,
          "std": 1.540147307950368
        }
      },
      "100": {
        "MAE": {
          "mean": 109.54108622464132,
          "std": 9.980779696931604
        },
        "R2": {
          "mean": 0.671283226072204,
          "std": 0.017732102380037865
        },
        "MAPE": {
          "mean": 16.00022781257915,
          "std": 2.391335456232175
        },
        "SMAPE": {
          "mean": 15.157393550961427,
          "std": 1.6497580771429308
        }
      }
    }
  },
  "xgboost": {
    "with_qd_std": {
      "25": {
        "MAE": {
          "mean": 138.52985121783087,
          "std": 16.957037929938025
        },
        "R2": {
          "mean": 0.39647301928283746,
          "std": 0.19283877455351486
        },
        "MAPE": {
          "mean": 20.280156889754544,
          "std": 4.294253526603933
        },
        "SMAPE": {
          "mean": 18.7835900805379,
          "std": 2.7081875449953725
        }
      },
      "50": {
        "MAE": {
          "mean": 116.83227862189798,
          "std": 30.632811010426156
        },
        "R2": {
          "mean": 0.5763210005312154,
          "std": 0.18558786444398384
        },
        "MAPE": {
          "mean": 17.53435498427157,
          "std": 6.732219165429579
        },
        "SMAPE": {
          "mean": 16.126814691944123,
          "std": 4.8370885907737105
        }
      },
      "100": {
        "MAE": {
          "mean": 106.65129681755514,
          "std": 7.498665985602822
        },
        "R2": {
          "mean": 0.657020139727664,
          "std": 0.05284575957579875
        },
        "MAPE": {
          "mean": 15.791529836551382,
          "std": 2.059632983995883
        },
        "SMAPE": {
          "mean": 15.012653960004048,
          "std": 1.0860442380259696
        }
      }
    },
    "without_qd_std": {
      "25": {
        "MAE": {
          "mean": 142.9721205767463,
          "std": 16.124532058105434
        },
        "R2": {
          "mean": 0.36402892064940373,
          "std": 0.21616311485661613
        },
        "MAPE": {
          "mean": 21.284550051787384,
          "std": 4.19407175643692
        },
        "SMAPE": {
          "mean": 19.55322153693645,
          "std": 2.629037560036358
        }
      },
      "50": {
        "MAE": {
          "mean": 117.80625538545496,
          "std": 34.7219705676587
        },
        "R2": {
          "mean": 0.5800386804082643,
          "std": 0.2449790667109511
        },
        "MAPE": {
          "mean": 17.53572603209683,
          "std": 6.870545868253755
        },
        "SMAPE": {
          "mean": 16.276497587801213,
          "std": 5.2087578071275065
        }
      },
      "100": {
        "MAE": {
          "mean": 103.4642578125,
          "std": 10.723102791667461
        },
        "R2": {
          "mean": 0.6745533260072586,
          "std": 0.06853199853152366
        },
        "MAPE": {
          "mean": 15.32012392826428,
          "std": 2.380765629263154
        },
        "SMAPE": {
          "mean": 14.625120339303905,
          "std": 1.386031301733759
        }
      }
    }
  },
  "catboost": {
    "with_qd_std": {
      "25": {
        "MAE": {
          "mean": 114.9132078536528,
          "std": 16.155795710587157
        },
        "R2": {
          "mean": 0.6152091056272972,
          "std": 0.08153618141471891
        },
        "MAPE": {
          "mean": 15.885478393245041,
          "std": 2.3887239559322846
        },
        "SMAPE": {
          "mean": 15.357600196661735,
          "std": 1.7687846554878677
        }
      },
      "50": {
        "MAE": {
          "mean": 104.72723708598976,
          "std": 16.70498351279925
        },
        "R2": {
          "mean": 0.6893136894961245,
          "std": 0.0909983102750801
        },
        "MAPE": {
          "mean": 14.84729951237639,
          "std": 0.908889705829221
        },
        "SMAPE": {
          "mean": 14.248133213781614,
          "std": 1.3830823628077498
        }
      },
      "100": {
        "MAE": {
          "mean": 95.7710997170935,
          "std": 17.829237828022567
        },
        "R2": {
          "mean": 0.7282510455459505,
          "std": 0.12187614845939888
        },
        "MAPE": {
          "mean": 13.295662126941803,
          "std": 2.4356880816233355
        },
        "SMAPE": {
          "mean": 13.078038832869968,
          "std": 2.0694957261774762
        }
      }
    },
    "without_qd_std": {
      "25": {
        "MAE": {
          "mean": 121.1666344327291,
          "std": 16.702647970057836
        },
        "R2": {
          "mean": 0.5753121643437417,
          "std": 0.07367144114160479
        },
        "MAPE": {
          "mean": 16.933891377288376,
          "std": 2.415491823909556
        },
        "SMAPE": {
          "mean": 16.222712750477637,
          "std": 1.8900306845727335
        }
      },
      "50": {
        "MAE": {
          "mean": 107.85550029105806,
          "std": 24.689257681368076
        },
        "R2": {
          "mean": 0.6651777906118493,
          "std": 0.13658186131936104
        },
        "MAPE": {
          "mean": 15.137053991208983,
          "std": 3.4677923842128235
        },
        "SMAPE": {
          "mean": 14.619987315219891,
          "std": 3.0190908957574645
        }
      },
      "100": {
        "MAE": {
          "mean": 92.29297010435593,
          "std": 17.90445242420751
        },
        "R2": {
          "mean": 0.7736262832959343,
          "std": 0.07537375083842314
        },
        "MAPE": {
          "mean": 13.032567112029948,
          "std": 2.285412387875404
        },
        "SMAPE": {
          "mean": 12.727304178594334,
          "std": 2.168153606595826
        }
      }
    }
  },